Title,Company,Location
"Software Engineer - Full Stack - Sydney, New South Wales",MRI Software,"Sydney, NSW"
Intern - Software Engineer 2021 (Jeff) US,Okta,"Bellevue,WA, San Jose,CA, San Francisco, CA, CA"
Technical Support Engineer 3 (Messaging),Twilio,"Melbourne, Victoria, VIC"
Technical Support Engineer 3 (Messaging),Twilio,"Sydney, New South Wales, NSW"
"Sales Engineer - Commercial Real Estate SaaS - Sydney, New South Wales",MRI Software,"Sydney, NSW"
Tech Intern: Software Engineering,Comcast,"New York, WA"
Test Analysts & Senior Test Analysts,Dialog Group,"Brisbane, QLD"
"Customer Experience Technical Analyst - Sydney, New South Wales",Mediaocean,"Sydney, NSW"
Account Executive - APAC,Uptake,"Perth, Western Australia, Australia"
"Software Architect - Sydney, New South Wales",MRI Software,"Sydney, NSW"
Software Developer - remote during Pandemic,UtiliSave LLC,"New York, NY"
Test Engineer,Dialog Group,"Melbourne CBD, VIC"
"Senior Manager, Enterprise Sales, ANZ",Twilio,"Sydney, New South Wales, NSW"
Test Analyst - MS CRM,Dialog Group,"Canberra, ACT"
"Sales Development Representative, ANZ",Twilio,"Sydney, New South Wales, NSW"
Supply Chain Tester,Dialog Group,"Brisbane, QLD"
"Account Executive, IoT Sales, APJ",Twilio,"Sydney, New South Wales, NSW"
Principal Consultant - Quality Assurance and Testing,Dialog Group,"North Sydney, NSW"
Test Automation Engineer,Dialog Group,"Melbourne CBD, VIC"
Senior Test Analyst - MS CRM,Dialog Group,"Canberra, ACT"
Payroll Tester,Dialog Group,"Brisbane, QLD"
Automation Testers,Dialog Group,"Canberra, ACT"
Business Development Manager - New Business,Dialog Group,"North Sydney, NSW"
Account Executive: Albany,"Farmer's Business Network, Inc.","Albany, Western Australia, Australia"
Commercial Analyst (Fluent Japanese language skills required),Zuora,"Sydney, NSW"
Account Executive: Esperance,"Farmer's Business Network, Inc.","Esperance, Western Australia, Australia"
Technical Live Chat Agent,Anton Paar USA,"Ashland, VA 23005"
Culture Mediation Statistics Intern,United Nations Development Programme (UNDP),Remote
Freelance Language Translators,Translation Services USA,Remote
"Storeman
new",Worley,"Ingleside, TX"
"Verbatim Medical Transcribers
new",PeopleForce,"Bethlehem, PA 18015"
Data Entry,ClaimCare Incorporated,"Irving, TX 75038"
EKG Technician Trainee- Remote USA,"BioTelemetry, Inc.",United States
Operations Administrator,Rupa Health,Remote
Amazon Customer Support,Sentey,United States
"Customer Service Representative
new",Weed Man USA,United States
"Process Operator
new",INEOS Oligomers USA LLC,"Alvin, TX"
"Customer Service Agent
new",Alaska Airlines,"Anchorage, AK 99509 (Midtown area)"
Nestle Health Science: Production Operators- Eau Claire,Nestle USA,"Eau Claire, WI 54703 (Upper Westside area)"
"Personal Assistant/Household Manager
new","Excellence Services, LLC","Atherton, CA 94027"
"Customer Care Coordinator
new",Malvern Panalytical Ltd,Remote
213,2113,asd
213,2113,asd
213,2113,asd
Developer,Apple,Nepal
developer,apple,123Park
UI-UX,apple,123Park
developer,apple,123Park
developer,apple,123Park
developer,apple,123Park
developer,apple,213Park
developer,apple,123Park
developer,apple,123Park
